Classe;n_contorno;Área;Diâmetro;Minor;Diretorio;Imagem
Lâmpada;0;250,5;6,586417573021535;1,685623260404093;.\originalGrayDataset;0011.png
Chave de Fenda;1;168,5;3,23606797749979;1,23606797749979;.\originalGrayDataset;0011.png
Pincel;2;98,0;27,01610776981037;2,866696366071598;.\originalGrayDataset;0011.png
Lâmpada;0;121,5;7,492989490330898;2,517998331687779;.\originalGrayDataset;0016.png
Cadeado;1;84,5;5,417867508696684;3,167227027357554;.\originalGrayDataset;0016.png
Rolha;2;73,5;4,155374705678736;1,905471133100374;.\originalGrayDataset;0016.png
Lâmpada;0;325,0;3,677088528342677;0,837402040213009;.\originalGrayDataset;0024.png
Rolha;1;122,0;8,55677132750463;1,981040532561556;.\originalGrayDataset;0024.png
Pilha;2;41,5;2,0;2,0;.\originalGrayDataset;0024.png
Lâmpada;0;30,0;4,155374705678736;1,905471133100374;.\originalGrayDataset;0035.png
Pilha;1;8,5;8,807501705210713;1,694803279780526;.\originalGrayDataset;0035.png
Pendrive;2;8,0;3,098386676965933;1,788854381999832;.\originalGrayDataset;0035.png
Post-It;0;8971,0;6,061651487414491;2,239727939979696;.\originalGrayDataset;0051.png
Rolha;1;171,0;3,677088528342677;0,837402040213009;.\originalGrayDataset;0051.png
Caneta;2;93,5;5,274258481434536;1,946056459258261;.\originalGrayDataset;0051.png
Post-It;0;136,0;7,554371880072024;1,975317619716008;.\originalGrayDataset;0053.png
Rolha;1;93,0;9,147286108492034;1,947773989983269;.\originalGrayDataset;0053.png
Pinça;2;67,5;5,656854249492381;2,0;.\originalGrayDataset;0053.png
Post-It;0;8976,5;2,0;2,0;.\originalGrayDataset;0056.png
Pincel;1;124,0;6,553504018576144;1,2082004568003;.\originalGrayDataset;0056.png
Pilha;2;83,0;4,976979969245306;1,79712837207891;.\originalGrayDataset;0056.png
Chave de Fenda;0;171,5;10,538068298256904;4,563392276281363;.\originalGrayDataset;0074.png
Rolha;1;78,0;5,274258481434536;1,946056459258261;.\originalGrayDataset;0074.png
Pinça;2;58,5;5,971098560847527;1,859325976733425;.\originalGrayDataset;0074.png
Chave de Fenda;0;7473,0;4,155374705678736;1,905471133100374;.\originalGrayDataset;0077.png
Pincel;1;4738,5;9,668288447765356;3,490129399396932;.\originalGrayDataset;0077.png
Pilha;2;131,0;3,23606797749979;1,23606797749979;.\originalGrayDataset;0077.png
Chave de Fenda;0;7411,0;14,457449550518506;1,993527650726783;.\originalGrayDataset;0078.png
Pincel;1;1474,0;2,309401076758503;1,333333333333333;.\originalGrayDataset;0078.png
Pinça;2;108,0;3,098386676965933;1,788854381999832;.\originalGrayDataset;0078.png
Chave de Fenda;0;546,0;4,34169545110285;1,27658944452507;.\originalGrayDataset;0082.png
Caneta;1;129,0;2,0;2,0;.\originalGrayDataset;0082.png
Pendrive;2;69,0;3,23606797749979;1,23606797749979;.\originalGrayDataset;0082.png
Cadeado;0;6014,0;3,098386676965933;1,788854381999832;.\originalGrayDataset;0087.png
Rolha;1;2553,0;4,507893913753563;2,104493398028036;.\originalGrayDataset;0087.png
Caneta;2;50,0;9,850849153622065;1,985817190609744;.\originalGrayDataset;0087.png
Cadeado;0;3336,0;4,09878030638384;2,993325909419153;.\originalGrayDataset;0088.png
Rolha;1;2522,5;4,155374705678736;1,905471133100374;.\originalGrayDataset;0088.png
Pilha;2;52,0;9,413366332749842;1,537446225733457;.\originalGrayDataset;0088.png
Cadeado;0;2029,5;7,000091071529563;1,904422265109768;.\originalGrayDataset;0093.png
Pincel;1;1995,0;4,569200140512701;2,757246828983344;.\originalGrayDataset;0093.png
Pinça;2;105,0;9,776625254687104;2,538166658720235;.\originalGrayDataset;0093.png
Cadeado;0;488,0;4,34169545110285;1,27658944452507;.\originalGrayDataset;0097.png
Caneta;1;52,5;9,16030542863945;3,008123078272996;.\originalGrayDataset;0097.png
Pendrive;2;33,0;2,309401076758503;1,333333333333333;.\originalGrayDataset;0097.png
Cadeado;0;35,0;7,347338259627431;3,178877656956105;.\originalGrayDataset;0099.png
Pilha;1;19,5;5,621217243914944;3,652316620545552;.\originalGrayDataset;0099.png
Pendrive;2;15,5;14,429789259223089;3,167687351823073;.\originalGrayDataset;0099.png
Caneta;0;1800,5;10,651211095872176;1,696535529664607;.\originalGrayDataset;0117.png
Pilha;1;109,5;5,274258481434536;1,946056459258261;.\originalGrayDataset;0117.png
Pinça;2;63,5;13,876614822361814;1,249804005194498;.\originalGrayDataset;0117.png
Lâmpada;0;29463,5;15,588094465614448;4,166343525094487;.\originalGrayDataset;0123.png
Post-It;1;14546,5;6,897088089272231;1,932863423210776;.\originalGrayDataset;0123.png
Rolha;2;3178,0;6,075474289136743;2,649076489057768;.\originalGrayDataset;0123.png
Lâmpada;0;28894,5;4,507893913753563;2,104493398028036;.\originalGrayDataset;0124.png
Post-It;1;13405,5;3,23606797749979;1,23606797749979;.\originalGrayDataset;0124.png
Pincel;2;7198,0;2,0;2,0;.\originalGrayDataset;0124.png
Lâmpada;0;29683,0;6,410773181397356;1,965193938693184;.\originalGrayDataset;0126.png
Post-It;1;13965,0;5,656854249492381;2,0;.\originalGrayDataset;0126.png
Pilha;2;3311,5;23,340095452499803;5,888846366805479;.\originalGrayDataset;0126.png
Lâmpada;0;29695,0;15,974866377825617;4,760751550094562;.\originalGrayDataset;0136.png
Cadeado;1;8982,5;6,342284798713821;2,973565233632895;.\originalGrayDataset;0136.png
Rolha;2;3700,5;7,267137657458658;2,761559390552063;.\originalGrayDataset;0136.png
Lâmpada;0;29686,0;8,49159293543007;4,214578496618757;.\originalGrayDataset;0139.png
Cadeado;1;8985,5;3,098386676965933;1,788854381999832;.\originalGrayDataset;0139.png
Pilha;2;2199,0;9,21352520382784;3,718138421095857;.\originalGrayDataset;0139.png
Lâmpada;0;29797,5;6,777647363301493;3,359759815024087;.\originalGrayDataset;0140.png
Cadeado;1;8989,0;5,720932084886622;2,425387871670981;.\originalGrayDataset;0140.png
Pinça;2;2571,5;3,23606797749979;1,23606797749979;.\originalGrayDataset;0140.png
Lâmpada;0;35229,0;8,957064978775534;5,882886809059595;.\originalGrayDataset;0142.png
Rolha;1;29607,0;5,706746436461763;2,820240267974089;.\originalGrayDataset;0142.png
Pincel;2;3359,0;19,671731150319708;3,212399259105707;.\originalGrayDataset;0142.png
Lâmpada;0;29768,5;5,376796813410203;2,993305616289287;.\originalGrayDataset;0144.png
Rolha;1;4138,0;15,010712207529664;4,426037278027047;.\originalGrayDataset;0144.png
Pilha;2;2613,5;3,098386676965933;1,788854381999832;.\originalGrayDataset;0144.png
Lâmpada;0;35343,0;14,300626956173568;5,465386266197505;.\originalGrayDataset;0147.png
Pincel;1;29759,5;7,333225531410493;2,966745874396235;.\originalGrayDataset;0147.png
Caneta;2;8299,0;7,333045298379015;3,827891130478597;.\originalGrayDataset;0147.png
Lâmpada;0;35702,5;4,47213595499958;2,0;.\originalGrayDataset;0149.png
Pincel;1;29806,0;4,34169545110285;1,27658944452507;.\originalGrayDataset;0149.png
Pinça;2;1760,5;8,327896461408185;1,932588400181151;.\originalGrayDataset;0149.png
Lâmpada;0;35896,0;9,017879542943811;3,37806274456727;.\originalGrayDataset;0150.png
Pincel;1;29842,5;22,9864909203182;8,176513088325153;.\originalGrayDataset;0150.png
Pendrive;2;1745,5;6,707279387142534;2,585705437703216;.\originalGrayDataset;0150.png
Lâmpada;0;30322,5;6,410747983365109;1,964939688573319;.\originalGrayDataset;0155.png
Pilha;1;5453,5;3,23606797749979;1,23606797749979;.\originalGrayDataset;0155.png
Pendrive;2;3080,0;5,311578320742263;2,04504216851777;.\originalGrayDataset;0155.png
Post-It;0;15309,5;4,0;1,632993161855452;.\originalGrayDataset;0157.png
Chave de Fenda;1;9030,5;7,681530582435684;2,980432317633497;.\originalGrayDataset;0157.png
Cadeado;2;3653,0;3,829708431025352;1,885618083164127;.\originalGrayDataset;0157.png
Post-It;0;15759,0;5,465863594190293;2,211281815705678;.\originalGrayDataset;0158.png
Chave de Fenda;1;10517,5;4,0;1,632993161855452;.\originalGrayDataset;0158.png
Rolha;2;4256,5;4,09878030638384;2,993325909419153;.\originalGrayDataset;0158.png
Post-It;0;13874,0;6,572055792213627;2,829855590667361;.\originalGrayDataset;0159.png
Chave de Fenda;1;1959,5;6,119368331694076;2,903598154267877;.\originalGrayDataset;0159.png
Pincel;2;1570,5;3,582070095417669;2,471345654035171;.\originalGrayDataset;0159.png
Post-It;0;15702,0;3,23606797749979;1,23606797749979;.\originalGrayDataset;0162.png
Chave de Fenda;1;3909,0;8,012416329973814;2,904799951091471;.\originalGrayDataset;0162.png
Pinça;2;3779,5;2,309401076758503;1,333333333333333;.\originalGrayDataset;0162.png
Post-It;0;14535,0;5,848765012186917;3,661202613844666;.\originalGrayDataset;0164.png
Cadeado;1;10113,0;5,274258481434536;1,946056459258261;.\originalGrayDataset;0164.png
Rolha;2;4113,5;15,832003362508836;4,641877716191169;.\originalGrayDataset;0164.png
Post-It;0;14948,0;6,381445876973021;2,527500668719029;.\originalGrayDataset;0167.png
Cadeado;1;10527,0;3,885753375057407;2,795442890696132;.\originalGrayDataset;0167.png
Pilha;2;2833,0;13,252881918749903;4,700584628285275;.\originalGrayDataset;0167.png
Post-It;0;14274,5;9,141172082686714;4,401647541026239;.\originalGrayDataset;0169.png
Cadeado;1;8402,5;2,0;2,0;.\originalGrayDataset;0169.png
Pendrive;2;4101,5;4,155374705678736;1,905471133100374;.\originalGrayDataset;0169.png
Post-It;0;36130,0;12,244770837293595;4,463738583537821;.\originalGrayDataset;0170.png
Rolha;1;14709,5;5,613395058396714;3,207134902949092;.\originalGrayDataset;0170.png
Pincel;2;9705,5;7,405708913152501;3,314006033108686;.\originalGrayDataset;0170.png
Post-It;0;36066,5;7,688297584280337;2,229733820125251;.\originalGrayDataset;0175.png
Pincel;1;14532,5;6,745324441982768;3,580724204223337;.\originalGrayDataset;0175.png
Caneta;2;4723,0;14,5678847420952;4,080696068248367;.\originalGrayDataset;0175.png
Post-It;0;15114,5;2,309401076758503;1,333333333333333;.\originalGrayDataset;0176.png
Pincel;1;2980,0;5,133805351608395;1,542315301534689;.\originalGrayDataset;0176.png
Pilha;2;772,5;17,314736405308384;3,240355414871717;.\originalGrayDataset;0176.png
Post-It;0;36283,5;7,815531007312314;2,400399866310656;.\originalGrayDataset;0177.png
Pincel;1;14825,5;4,155374705678736;1,905471133100374;.\originalGrayDataset;0177.png
Pinça;2;1782,0;8,721840015615031;2,447800842437677;.\originalGrayDataset;0177.png
Chave de Fenda;0;9479,5;9,4933922595857;4,236332060025284;.\originalGrayDataset;0188.png
Cadeado;1;4100,0;3,464101615137754;1,414213562373095;.\originalGrayDataset;0188.png
Pilha;2;2726,0;3,464101615137754;2,738612787525831;.\originalGrayDataset;0188.png
Chave de Fenda;0;7959,5;3,098386676965933;1,788854381999832;.\originalGrayDataset;0200.png
Caneta;1;4937,5;6,491432935357954;3,215788930534778;.\originalGrayDataset;0200.png
Pilha;2;3533,5;4,0;1,632993161855452;.\originalGrayDataset;0200.png
Cadeado;0;34755,5;3,098386676965933;1,788854381999832;.\originalGrayDataset;0206.png
Rolha;1;9438,5;4,680205767201096;1,046744465787899;.\originalGrayDataset;0206.png
Pincel;2;3165,0;5,033222956847167;2,905932629027116;.\originalGrayDataset;0206.png
Cadeado;0;9493,5;6,465754045018948;2,970713002030358;.\originalGrayDataset;0207.png
Rolha;1;6562,0;5,545825004026145;2,289939960941863;.\originalGrayDataset;0207.png
Caneta;2;3721,0;7,517785243108301;2,110288899579035;.\originalGrayDataset;0207.png
Cadeado;0;9485,5;2,309401076758503;1,333333333333333;.\originalGrayDataset;0210.png
Rolha;1;4733,5;19,954043326811032;4,526381468688427;.\originalGrayDataset;0210.png
Pendrive;2;3859,5;2,309401076758503;1,333333333333333;.\originalGrayDataset;0210.png
Cadeado;0;9528,5;2,309401076758503;1,333333333333333;.\originalGrayDataset;0212.png
Pincel;1;3290,5;2,0;2,0;.\originalGrayDataset;0212.png
Pilha;2;726,0;9,8969648544097;7,809775578895717;.\originalGrayDataset;0212.png
Cadeado;0;34579,0;4,0;1,385640646055102;.\originalGrayDataset;0213.png
Pincel;1;9470,5;5,502206890553146;3,01833310258574;.\originalGrayDataset;0213.png
Pinça;2;1752,0;3,098386676965933;1,788854381999832;.\originalGrayDataset;0213.png
Cadeado;0;10334,5;3,829708431025352;1,885618083164127;.\originalGrayDataset;0217.png
Caneta;1;4412,0;4,155374705678736;1,905471133100374;.\originalGrayDataset;0217.png
Pendrive;2;3810,5;3,098386676965933;1,788854381999832;.\originalGrayDataset;0217.png
Rolha;0;35355,5;14,389359263077097;2,819168625713944;.\originalGrayDataset;0224.png
Pincel;1;4473,0;11,047895227491653;4,578832525309559;.\originalGrayDataset;0224.png
Pendrive;2;2665,5;8,292589597939164;4,160831503759214;.\originalGrayDataset;0224.png
Pincel;0;8010,0;4,0;1,632993161855452;.\originalGrayDataset;0231.png
Caneta;1;1560,5;3,098386676965933;1,788854381999832;.\originalGrayDataset;0231.png
Pilha;2;967,0;11,08600638433013;3,941630196474698;.\originalGrayDataset;0231.png
Pincel;0;3880,5;5,163977794943222;2,222222222222223;.\originalGrayDataset;0234.png
Pilha;1;1794,5;10,718482797203972;4,767304033783907;.\originalGrayDataset;0234.png
Pinça;2;1604,5;17,36552673069059;9,378217328190258;.\originalGrayDataset;0234.png
Pincel;0;5334,0;3,098386676965933;1,788854381999832;.\originalGrayDataset;0235.png
Pilha;1;2250,5;9,00431839703119;4,394444116583409;.\originalGrayDataset;0235.png
Pendrive;2;1545,0;6,005960538612905;4,606266840617432;.\originalGrayDataset;0235.png
Post-It;0;304,0;3,098386676965933;1,788854381999832;.\originalGrayDataset;0277.png
Chave de Fenda;1;22,5;2,309401076758503;1,333333333333333;.\originalGrayDataset;0277.png
Cadeado;2;7,0;4,155374705678736;1,905471133100374;.\originalGrayDataset;0277.png
Chave de Fenda;0;246,0;3,098386676965933;1,788854381999832;.\originalGrayDataset;0314.png
Rolha;1;32,0;3,098386676965933;1,788854381999832;.\originalGrayDataset;0314.png
Pinça;2;3,0;5,656854249492381;2,0;.\originalGrayDataset;0314.png
Chave de Fenda;0;258,0;11,408070291908563;1,583980252201086;.\originalGrayDataset;0319.png
Pincel;1;242,0;2,309401076758503;1,333333333333333;.\originalGrayDataset;0319.png
Pendrive;2;220,0;4,27617987059879;2,285714285714286;.\originalGrayDataset;0319.png
Rolha;0;7910,5;3,098386676965933;1,788854381999832;.\originalGrayDataset;0585.png
Caneta;1;3589,5;6,586417573021535;1,685623260404093;.\originalGrayDataset;0585.png
Pilha;2;745,0;6,410747983365109;1,964939688573319;.\originalGrayDataset;0585.png
Lâmpada;0;8651,5;2,309401076758503;1,333333333333333;.\augmentedDataset\contrast_stretching;0004.png
Post-It;1;135,0;4,680205767201096;1,046744465787899;.\augmentedDataset\contrast_stretching;0004.png
Pincel;2;128,0;9,179476518602309;3,962846577043977;.\augmentedDataset\contrast_stretching;0004.png
Lâmpada;0;248,5;6,031273328889181;1,467771875029618;.\augmentedDataset\contrast_stretching;0010.png
Chave de Fenda;1;206,0;6,410747983365109;1,964939688573319;.\augmentedDataset\contrast_stretching;0010.png
Rolha;2;96,0;4,972652484064487;2,745394340098454;.\augmentedDataset\contrast_stretching;0010.png
Lâmpada;0;126,5;6,453653545640349;2,825935503227082;.\augmentedDataset\contrast_stretching;0017.png
Cadeado;1;111,0;6,52172371922943;1,815015213122856;.\augmentedDataset\contrast_stretching;0017.png
Pincel;2;19,0;25,474156091543584;1,972714053484508;.\augmentedDataset\contrast_stretching;0017.png
Lâmpada;0;6,0;4,82842712474619;0,82842712474619;.\augmentedDataset\contrast_stretching;0030.png
Pincel;1;4,0;6,147097018697723;2,678035834089599;.\augmentedDataset\contrast_stretching;0030.png
Pendrive;2;3,5;3,23606797749979;1,23606797749979;.\augmentedDataset\contrast_stretching;0030.png
Post-It;0;99,0;5,133805351608395;1,542315301534688;.\augmentedDataset\contrast_stretching;0052.png
Rolha;1;78,5;13,375096009791008;2,853998649219498;.\augmentedDataset\contrast_stretching;0052.png
Pilha;2;59,5;18,19041432573204;2,089701609689005;.\augmentedDataset\contrast_stretching;0052.png
Post-It;0;8980,5;10,712522354527785;1,951862197571952;.\augmentedDataset\contrast_stretching;0062.png
Pilha;1;127,0;3,098386676965933;1,788854381999832;.\augmentedDataset\contrast_stretching;0062.png
Pinça;2;126,0;7,704827029912549;2,551595665290443;.\augmentedDataset\contrast_stretching;0062.png
Chave de Fenda;0;35,0;8,438009243891594;2,993325909419153;.\augmentedDataset\contrast_stretching;0067.png
Cadeado;1;12,5;8,202748130404117;3,433555485854427;.\augmentedDataset\contrast_stretching;0067.png
Caneta;2;11,0;5,196736578748781;2,565288636898106;.\augmentedDataset\contrast_stretching;0067.png
Chave de Fenda;0;2485,5;7,097764472921568;3,093922554118484;.\augmentedDataset\contrast_stretching;0074.png
Rolha;1;189,5;4,155374705678736;1,905471133100374;.\augmentedDataset\contrast_stretching;0074.png
Pinça;2;172,5;13,709955786289514;4,991459041041487;.\augmentedDataset\contrast_stretching;0074.png
Chave de Fenda;0;5559,5;6,0;1,959591794226542;.\augmentedDataset\contrast_stretching;0077.png
Pincel;1;4738,0;13,802740343632395;1,677497807885102;.\augmentedDataset\contrast_stretching;0077.png
Pilha;2;128,0;6,410747983365109;1,964939688573319;.\augmentedDataset\contrast_stretching;0077.png
Cadeado;0;2029,5;7,000091071529563;1,904422265109768;.\augmentedDataset\contrast_stretching;0093.png
Pincel;1;1995,0;4,569200140512701;2,757246828983344;.\augmentedDataset\contrast_stretching;0093.png
Pinça;2;105,0;9,776625254687104;2,538166658720235;.\augmentedDataset\contrast_stretching;0093.png
Cadeado;0;34,0;13,955305294043804;1,978919103121602;.\augmentedDataset\contrast_stretching;0099.png
Pilha;1;16,5;5,672452304781605;1,560618386389525;.\augmentedDataset\contrast_stretching;0099.png
Pendrive;2;14,0;8,272431330206533;2,682009967332717;.\augmentedDataset\contrast_stretching;0099.png
Cadeado;0;38,0;6,052283110938236;1,695889732428958;.\augmentedDataset\contrast_stretching;0100.png
Pinça;1;16,5;9,529675494243438;1,321842821779686;.\augmentedDataset\contrast_stretching;0100.png
Pendrive;2;15,0;13,073253969622831;1,522070074736227;.\augmentedDataset\contrast_stretching;0100.png
Rolha;0;47,5;2,309401076758503;1,333333333333333;.\augmentedDataset\contrast_stretching;0102.png
Pincel;1;44,0;7,610212274206421;3,993091855075217;.\augmentedDataset\contrast_stretching;0102.png
Pilha;2;28,5;10,14585290544573;3,228424913513189;.\augmentedDataset\contrast_stretching;0102.png
Pincel;0;4905,5;4,09878030638384;2,993325909419153;.\augmentedDataset\contrast_stretching;0111.png
Caneta;1;564,5;3,098386676965933;1,788854381999832;.\augmentedDataset\contrast_stretching;0111.png
Pilha;2;70,0;12,16552506059644;1,959591794226545;.\augmentedDataset\contrast_stretching;0111.png
Lâmpada;0;29463,5;15,588094465614448;4,166343525094487;.\augmentedDataset\contrast_stretching;0123.png
Post-It;1;14546,5;6,897088089272231;1,932863423210776;.\augmentedDataset\contrast_stretching;0123.png
Rolha;2;3178,0;6,075474289136743;2,649076489057768;.\augmentedDataset\contrast_stretching;0123.png
Lâmpada;0;28894,5;4,507893913753563;2,104493398028036;.\augmentedDataset\contrast_stretching;0124.png
Post-It;1;13405,5;3,23606797749979;1,23606797749979;.\augmentedDataset\contrast_stretching;0124.png
Pincel;2;7198,0;2,0;2,0;.\augmentedDataset\contrast_stretching;0124.png
Lâmpada;0;29683,0;6,410773181397356;1,965193938693184;.\augmentedDataset\contrast_stretching;0126.png
Post-It;1;13965,0;5,656854249492381;2,0;.\augmentedDataset\contrast_stretching;0126.png
Pilha;2;3311,5;23,340095452499803;5,888846366805479;.\augmentedDataset\contrast_stretching;0126.png
Lâmpada;0;29695,0;15,974866377825617;4,760751550094562;.\augmentedDataset\contrast_stretching;0136.png
Cadeado;1;8982,5;6,342284798713821;2,973565233632895;.\augmentedDataset\contrast_stretching;0136.png
Rolha;2;3700,5;7,267137657458658;2,761559390552063;.\augmentedDataset\contrast_stretching;0136.png
Lâmpada;0;29676,0;3,829708431025352;1,885618083164127;.\augmentedDataset\contrast_stretching;0139.png
Cadeado;1;8970,5;6,564696009802764;3,292759678275908;.\augmentedDataset\contrast_stretching;0139.png
Pilha;2;2196,5;6,055509193551325;4,136252674171776;.\augmentedDataset\contrast_stretching;0139.png
Lâmpada;0;29797,5;5,830024994442534;2,544330654913134;.\augmentedDataset\contrast_stretching;0140.png
Cadeado;1;8990,5;4,507893913753563;2,104493398028036;.\augmentedDataset\contrast_stretching;0140.png
Pinça;2;2437,0;7,191412392363815;2,346446254483227;.\augmentedDataset\contrast_stretching;0140.png
Lâmpada;0;29647,5;2,0;2,0;.\augmentedDataset\contrast_stretching;0141.png
Cadeado;1;8806,5;14,599137482556351;4,168379642864938;.\augmentedDataset\contrast_stretching;0141.png
Pendrive;2;4885,0;6,910124541010887;2,986108754614563;.\augmentedDataset\contrast_stretching;0141.png
Lâmpada;0;35236,0;3,464101615137754;1,414213562373095;.\augmentedDataset\contrast_stretching;0142.png
Rolha;1;29610,5;7,554371880072024;1,975317619716008;.\augmentedDataset\contrast_stretching;0142.png
Pincel;2;3369,0;4,093338188813542;1,563516060678838;.\augmentedDataset\contrast_stretching;0142.png
Lâmpada;0;29779,5;3,885753375057407;2,795442890696132;.\augmentedDataset\contrast_stretching;0144.png
Rolha;1;3975,0;23,412156366443064;7,346209902647561;.\augmentedDataset\contrast_stretching;0144.png
Pilha;2;2610,5;5,189483704979297;2,630684045106107;.\augmentedDataset\contrast_stretching;0144.png
Lâmpada;0;29836,5;6,471106642514547;3,290996987866333;.\augmentedDataset\contrast_stretching;0146.png
Rolha;1;9890,5;4,919459827476725;3,375877388463233;.\augmentedDataset\contrast_stretching;0146.png
Pendrive;2;5187,5;7,718100141287419;3,631977531259178;.\augmentedDataset\contrast_stretching;0146.png
Lâmpada;0;36793,0;16,896057514606614;7,878739071196248;.\augmentedDataset\contrast_stretching;0148.png
Pincel;1;29918,5;16,49254448855215;4,587544339838865;.\augmentedDataset\contrast_stretching;0148.png
Pilha;2;3944,0;14,677383730658072;4,202478622920069;.\augmentedDataset\contrast_stretching;0148.png
Lâmpada;0;35702,5;4,47213595499958;2,0;.\augmentedDataset\contrast_stretching;0149.png
Pincel;1;29806,0;4,34169545110285;1,27658944452507;.\augmentedDataset\contrast_stretching;0149.png
Pinça;2;1760,5;8,327896461408185;1,932588400181151;.\augmentedDataset\contrast_stretching;0149.png
Lâmpada;0;35868,0;5,839018474503635;2,259615731580316;.\augmentedDataset\contrast_stretching;0150.png
Pincel;1;29841,5;9,75172760761862;4,34932920090518;.\augmentedDataset\contrast_stretching;0150.png
Pendrive;2;1734,0;3,023715784073818;2,799416848895061;.\augmentedDataset\contrast_stretching;0150.png
Lâmpada;0;30322,5;4,132908103676025;2,864091692640617;.\augmentedDataset\contrast_stretching;0154.png
Pilha;1;3373,5;11,466600381562172;10,002756593276455;.\augmentedDataset\contrast_stretching;0154.png
Pinça;2;3085,0;8,13150332548484;2,500730626762709;.\augmentedDataset\contrast_stretching;0154.png
Lâmpada;0;30240,5;4,0;1,385640646055102;.\augmentedDataset\contrast_stretching;0155.png
Pilha;1;5400,5;6,910694415125243;2,443501127989339;.\augmentedDataset\contrast_stretching;0155.png
Pendrive;2;3079,5;5,311578320742263;2,04504216851777;.\augmentedDataset\contrast_stretching;0155.png
Post-It;0;15391,5;4,976979969245306;1,79712837207891;.\augmentedDataset\contrast_stretching;0157.png
Chave de Fenda;1;9026,5;9,464319866878812;3,904225401794224;.\augmentedDataset\contrast_stretching;0157.png
Cadeado;2;3851,5;3,023715784073818;2,79941684889506;.\augmentedDataset\contrast_stretching;0157.png
Post-It;0;15737,5;4,796702691401646;1,764679084109074;.\augmentedDataset\contrast_stretching;0158.png
Chave de Fenda;1;10295,0;7,79430287983481;2,597853463419133;.\augmentedDataset\contrast_stretching;0158.png
Rolha;2;4188,5;10,821063993175086;3,127007204278503;.\augmentedDataset\contrast_stretching;0158.png
Post-It;0;13871,0;3,265986323710904;2,0;.\augmentedDataset\contrast_stretching;0159.png
Chave de Fenda;1;1960,5;6,175642573720349;2,74373932222421;.\augmentedDataset\contrast_stretching;0159.png
Pincel;2;1559,5;3,265986323710904;3,265986323710904;.\augmentedDataset\contrast_stretching;0159.png
Post-It;0;15725,0;7,851686732090648;4,392581704931611;.\augmentedDataset\contrast_stretching;0162.png
Chave de Fenda;1;3968,0;14,95525529485922;10,568460129887876;.\augmentedDataset\contrast_stretching;0162.png
Pinça;2;3933,5;3,23606797749979;1,23606797749979;.\augmentedDataset\contrast_stretching;0162.png
Post-It;0;14534,0;5,754986301390788;3,417620908000825;.\augmentedDataset\contrast_stretching;0164.png
Cadeado;1;9980,5;3,23606797749979;1,23606797749979;.\augmentedDataset\contrast_stretching;0164.png
Rolha;2;4110,0;6,491432935357954;3,215788930534778;.\augmentedDataset\contrast_stretching;0164.png
Post-It;0;14274,5;9,141172082686714;4,401647541026239;.\augmentedDataset\contrast_stretching;0169.png
Cadeado;1;8402,5;2,0;2,0;.\augmentedDataset\contrast_stretching;0169.png
Pendrive;2;4101,5;4,155374705678736;1,905471133100374;.\augmentedDataset\contrast_stretching;0169.png
Post-It;0;36137,0;4,618802153517006;2,351778943168525;.\augmentedDataset\contrast_stretching;0170.png
Rolha;1;14697,0;9,443372017660414;6,090865562743542;.\augmentedDataset\contrast_stretching;0170.png
Pincel;2;9669,5;8,846739942360268;3,481965146456282;.\augmentedDataset\contrast_stretching;0170.png
Post-It;0;34693,0;3,677088528342677;0,837402040213009;.\augmentedDataset\contrast_stretching;0178.png
Pincel;1;14227,5;4,0;1,632993161855452;.\augmentedDataset\contrast_stretching;0178.png
Pendrive;2;4273,0;6,668951607116287;2,621454412621226;.\augmentedDataset\contrast_stretching;0178.png
Post-It;0;16539,5;3,098386676965933;1,788854381999832;.\augmentedDataset\contrast_stretching;0184.png
Pinça;1;6896,5;3,829708431025352;1,885618083164126;.\augmentedDataset\contrast_stretching;0184.png
Pendrive;2;5825,5;10,31290781778109;4,419051252769398;.\augmentedDataset\contrast_stretching;0184.png
Chave de Fenda;0;9814,0;10,160616478134823;5,984285145497534;.\augmentedDataset\contrast_stretching;0185.png
Cadeado;1;4159,0;3,464101615137754;2,738612787525831;.\augmentedDataset\contrast_stretching;0185.png
Rolha;2;3486,0;13,158517716098077;5,727500517394896;.\augmentedDataset\contrast_stretching;0185.png
Chave de Fenda;0;7973,5;10,157090376400708;2,546465121440701;.\augmentedDataset\contrast_stretching;0200.png
Caneta;1;4938,5;11,672106958832956;3,313176590189856;.\augmentedDataset\contrast_stretching;0200.png
Pilha;2;3554,0;5,294328785763617;2,862220279862641;.\augmentedDataset\contrast_stretching;0200.png
Cadeado;0;9470,5;6,710700320565251;3,457478203626612;.\augmentedDataset\contrast_stretching;0207.png
Rolha;1;6549,5;10,57264097195206;3,86828319027326;.\augmentedDataset\contrast_stretching;0207.png
Caneta;2;3843,5;6,396357479416215;3,496056845168861;.\augmentedDataset\contrast_stretching;0207.png
Cadeado;0;9653,0;5,387154321216229;2,556193238970183;.\augmentedDataset\contrast_stretching;0208.png
Rolha;1;4157,0;10,92365765071606;8,467228025955881;.\augmentedDataset\contrast_stretching;0208.png
Pilha;2;3725,0;7,500728486931646;2,437858445026118;.\augmentedDataset\contrast_stretching;0208.png
Cadeado;0;10334,5;3,829708431025352;1,885618083164127;.\augmentedDataset\contrast_stretching;0217.png
Caneta;1;4412,0;4,155374705678736;1,905471133100374;.\augmentedDataset\contrast_stretching;0217.png
Pendrive;2;3810,5;3,098386676965933;1,788854381999832;.\augmentedDataset\contrast_stretching;0217.png
Rolha;0;35389,0;3,23606797749979;1,23606797749979;.\augmentedDataset\contrast_stretching;0221.png
Pincel;1;3944,0;5,656854249492381;2,0;.\augmentedDataset\contrast_stretching;0221.png
Caneta;2;2639,0;10,44522791655984;4,654608454111301;.\augmentedDataset\contrast_stretching;0221.png
Rolha;0;35332,5;2,309401076758503;1,333333333333333;.\augmentedDataset\contrast_stretching;0222.png
Pincel;1;2614,0;10,79230352413712;4,06991976906604;.\augmentedDataset\contrast_stretching;0222.png
Pilha;2;2432,0;2,309401076758503;1,333333333333333;.\augmentedDataset\contrast_stretching;0222.png
Rolha;0;35358,0;3,098386676965933;1,788854381999832;.\augmentedDataset\contrast_stretching;0224.png
Pincel;1;4473,0;13,932877227263024;4,365195547740723;.\augmentedDataset\contrast_stretching;0224.png
Pendrive;2;2631,0;6,052283110938236;1,695889732428958;.\augmentedDataset\contrast_stretching;0224.png
Pincel;0;8071,5;4,346129984141888;3,067356324605907;.\augmentedDataset\contrast_stretching;0232.png
Caneta;1;1665,0;6,225841936162078;2,548201337364874;.\augmentedDataset\contrast_stretching;0232.png
Pinça;2;684,5;3,098386676965933;1,788854381999832;.\augmentedDataset\contrast_stretching;0232.png
Pincel;0;7935,0;16,019746088712797;3,745988068747113;.\augmentedDataset\contrast_stretching;0233.png
Caneta;1;4755,0;4,155374705678736;1,905471133100374;.\augmentedDataset\contrast_stretching;0233.png
Pendrive;2;701,0;10,108520423281464;5,806704302106449;.\augmentedDataset\contrast_stretching;0233.png
Pincel;0;3886,5;4,760952285695234;3,333333333333334;.\augmentedDataset\contrast_stretching;0234.png
Pilha;1;1786,5;9,457523169432957;2,674930933620312;.\augmentedDataset\contrast_stretching;0234.png
Pinça;2;1582,5;3,703280399090206;2,138089935299395;.\augmentedDataset\contrast_stretching;0234.png
Post-It;0;304,0;3,098386676965933;1,788854381999832;.\augmentedDataset\contrast_stretching;0277.png
Chave de Fenda;1;22,5;2,309401076758503;1,333333333333333;.\augmentedDataset\contrast_stretching;0277.png
Cadeado;2;7,0;4,155374705678736;1,905471133100374;.\augmentedDataset\contrast_stretching;0277.png
Chave de Fenda;0;588,5;8,812248256824539;1,164743035654325;.\augmentedDataset\contrast_stretching;0312.png
Rolha;1;100,0;4,952443034793325;2,34478130006868;.\augmentedDataset\contrast_stretching;0312.png
Caneta;2;13,0;8,163059172152348;2,04475744265101;.\augmentedDataset\contrast_stretching;0312.png
Chave de Fenda;0;375,0;5,896459480240757;1,342830655483958;.\augmentedDataset\contrast_stretching;0323.png
Pilha;1;24,0;12,552840112298991;2,266483822291766;.\augmentedDataset\contrast_stretching;0323.png
Pinça;2;22,0;3,098386676965933;1,788854381999832;.\augmentedDataset\contrast_stretching;0323.png
Pincel;0;449,5;4,82842712474619;0,82842712474619;.\augmentedDataset\contrast_stretching;0355.png
Pilha;1;113,5;11,451016770113162;1,555918248897995;.\augmentedDataset\contrast_stretching;0355.png
Pendrive;2;14,5;8,974738099370164;3,23005914757965;.\augmentedDataset\contrast_stretching;0355.png
Chave de Fenda;0;3930,5;5,366563145999495;2,190890230020665;.\augmentedDataset\contrast_stretching;0560.png
Caneta;1;1485,5;5,537749241945383;2,748737083745107;.\augmentedDataset\contrast_stretching;0560.png
Pilha;2;855,0;6,468355765954826;2,247056424286635;.\augmentedDataset\contrast_stretching;0560.png
Rolha;0;539,0;2,0;2,0;.\augmentedDataset\contrast_stretching;0590.png
Pinça;1;298,5;2,309401076758503;1,333333333333333;.\augmentedDataset\contrast_stretching;0590.png
Pendrive;2;164,5;4,12040455632135;2,40255411848438;.\augmentedDataset\contrast_stretching;0590.png
Caneta;0;3344,5;2,309401076758503;1,333333333333333;.\augmentedDataset\contrast_stretching;0597.png
Pilha;1;1183,0;4,533315962095487;3,011458300982113;.\augmentedDataset\contrast_stretching;0597.png
Pinça;2;1104,0;6,021007592560452;2,016796363128762;.\augmentedDataset\contrast_stretching;0597.png
Lâmpada;0;5,5;7,964339385580151;3,584591769127523;.\augmentedDataset\exp_transform;0005.png
Post-It;1;4,5;7,795152825499744;3,970311096738027;.\augmentedDataset\exp_transform;0005.png
Caneta;2;3,5;5,196736578748781;2,565288636898106;.\augmentedDataset\exp_transform;0005.png
Lâmpada;0;391,0;2,309401076758503;1,333333333333333;.\augmentedDataset\exp_transform;0010.png
Chave de Fenda;1;249,5;4,796702691401646;1,764679084109074;.\augmentedDataset\exp_transform;0010.png
Rolha;2;205,0;6,831300510639732;2,0;.\augmentedDataset\exp_transform;0010.png
Lâmpada;0;249,0;3,23606797749979;1,23606797749979;.\augmentedDataset\exp_transform;0011.png
Chave de Fenda;1;172,0;3,23606797749979;1,23606797749979;.\augmentedDataset\exp_transform;0011.png
Pincel;2;97,5;6,586417573021535;1,685623260404093;.\augmentedDataset\exp_transform;0011.png
Lâmpada;0;613,0;5,321869122843981;1,782612980800892;.\augmentedDataset\exp_transform;0012.png
Chave de Fenda;1;245,5;6,410747983365109;1,964939688573319;.\augmentedDataset\exp_transform;0012.png
Caneta;2;127,5;2,0;2,0;.\augmentedDataset\exp_transform;0012.png
Lâmpada;0;3675,0;2,309401076758503;1,333333333333333;.\augmentedDataset\exp_transform;0026.png
Rolha;1;313,5;4,155374705678736;1,905471133100374;.\augmentedDataset\exp_transform;0026.png
Pendrive;2;112,0;7,004060199219788;2,975428595644902;.\augmentedDataset\exp_transform;0026.png
Lâmpada;0;7,0;3,265986323710904;2,0;.\augmentedDataset\exp_transform;0028.png
Pincel;1;6,5;4,634736211286691;1,826347935745029;.\augmentedDataset\exp_transform;0028.png
Pilha;2;2,5;4,363338213437162;1,65500979239906;.\augmentedDataset\exp_transform;0028.png
Lâmpada;0;9,5;6,472425083728933;2,356301759104924;.\augmentedDataset\exp_transform;0034.png
Pilha;1;4,5;26,170036349093245;2,302770332913498;.\augmentedDataset\exp_transform;0034.png
Pinça;2;3,0;10,456419397498887;2,287180495321017;.\augmentedDataset\exp_transform;0034.png
Lâmpada;0;8,5;6,206600130033063;2,433630882101475;.\augmentedDataset\exp_transform;0035.png
Pilha;1;7,0;4,155374705678736;1,905471133100374;.\augmentedDataset\exp_transform;0035.png
Pendrive;2;3,5;4,155374705678736;1,905471133100374;.\augmentedDataset\exp_transform;0035.png
Post-It;0;91,5;9,597568933577463;1,939502659247667;.\augmentedDataset\exp_transform;0038.png
Chave de Fenda;1;90,0;6,155367074350507;1,453085056010722;.\augmentedDataset\exp_transform;0038.png
Rolha;2;70,5;6,984716318104124;1,487863554096936;.\augmentedDataset\exp_transform;0038.png
Post-It;0;70,0;5,545131758410893;1,302289609229592;.\augmentedDataset\exp_transform;0043.png
Chave de Fenda;1;38,5;15,470984575151288;2,833412802993183;.\augmentedDataset\exp_transform;0043.png
Pendrive;2;36,5;5,656854249492381;2,0;.\augmentedDataset\exp_transform;0043.png
Chave de Fenda;0;38,5;5,274258481434536;1,946056459258261;.\augmentedDataset\exp_transform;0070.png
Cadeado;1;13,5;4,78294214680296;1,703303319468871;.\augmentedDataset\exp_transform;0070.png
Pendrive;2;11,0;7,011524071160396;1,029928357586368;.\augmentedDataset\exp_transform;0070.png
Chave de Fenda;0;724,5;13,191866749702658;1,890674921314987;.\augmentedDataset\exp_transform;0080.png
Caneta;1;110,0;3,098386676965933;1,788854381999832;.\augmentedDataset\exp_transform;0080.png
Pilha;2;66,5;6,586417573021535;1,685623260404093;.\augmentedDataset\exp_transform;0080.png
Chave de Fenda;0;541,0;9,578869201274427;2,993927405400502;.\augmentedDataset\exp_transform;0082.png
Caneta;1;73,0;2,309401076758503;1,333333333333333;.\augmentedDataset\exp_transform;0082.png
Pendrive;2;43,0;5,274258481434536;1,946056459258261;.\augmentedDataset\exp_transform;0082.png
Chave de Fenda;0;2436,0;7,000091071529563;1,904422265109768;.\augmentedDataset\exp_transform;0083.png
Pilha;1;114,5;3,885753375057407;2,795442890696132;.\augmentedDataset\exp_transform;0083.png
Pinça;2;113,0;7,000091071529563;1,904422265109768;.\augmentedDataset\exp_transform;0083.png
Chave de Fenda;0;59,0;6,410747983365109;1,964939688573319;.\augmentedDataset\exp_transform;0084.png
Pilha;1;21,0;4,47213595499958;2,0;.\augmentedDataset\exp_transform;0084.png
Pendrive;2;19,5;3,829708431025352;1,885618083164126;.\augmentedDataset\exp_transform;0084.png
Cadeado;0;133,5;3,098386676965933;1,788854381999832;.\augmentedDataset\exp_transform;0091.png
Pincel;1;28,0;7,182900436301448;1,768033179038355;.\augmentedDataset\exp_transform;0091.png
Caneta;2;24,0;13,062286329092396;2,568832045702521;.\augmentedDataset\exp_transform;0091.png
Cadeado;0;3731,5;6,153816133675019;2,872802807801619;.\augmentedDataset\exp_transform;0094.png
Pincel;1;49,0;4,972652484064489;2,745394340098455;.\augmentedDataset\exp_transform;0094.png
Pendrive;2;25,5;6,0;1,732050807568877;.\augmentedDataset\exp_transform;0094.png
Rolha;0;2250,0;6,052283110938236;1,695889732428958;.\augmentedDataset\exp_transform;0106.png
Caneta;1;1270,5;5,656854249492381;2,0;.\augmentedDataset\exp_transform;0106.png
Pinça;2;76,0;9,759674232165072;3,611034229948465;.\augmentedDataset\exp_transform;0106.png
Rolha;0;64,0;8,010001139542341;3,168577242948384;.\augmentedDataset\exp_transform;0107.png
Caneta;1;58,5;4,0;1,385640646055102;.\augmentedDataset\exp_transform;0107.png
Pendrive;2;49,0;2,309401076758503;1,333333333333333;.\augmentedDataset\exp_transform;0107.png
Pincel;0;42,5;3,829708431025352;1,885618083164127;.\augmentedDataset\exp_transform;0114.png
Pilha;1;30,5;3,098386676965933;1,788854381999832;.\augmentedDataset\exp_transform;0114.png
Pinça;2;14,5;3,651483716701108;2,10818510677892;.\augmentedDataset\exp_transform;0114.png
Pincel;0;3564,5;7,497087411305333;1,887399106858274;.\augmentedDataset\exp_transform;0115.png
Pilha;1;63,0;8,010001139542341;3,168577242948384;.\augmentedDataset\exp_transform;0115.png
Pendrive;2;53,0;6,586417573021535;1,685623260404093;.\augmentedDataset\exp_transform;0115.png
Lâmpada;0;28892,5;3,098386676965933;1,788854381999832;.\augmentedDataset\exp_transform;0124.png
Post-It;1;13406,5;4,312594463574638;2,660928660904759;.\augmentedDataset\exp_transform;0124.png
Pincel;2;7253,0;7,252652857171122;3,133493197660931;.\augmentedDataset\exp_transform;0124.png
Lâmpada;0;29538,5;4,708788181923399;2,504347879633133;.\augmentedDataset\exp_transform;0125.png
Post-It;1;13951,0;4,993927366567251;1,772659614960501;.\augmentedDataset\exp_transform;0125.png
Caneta;2;6122,5;5,971098560847527;1,859325976733425;.\augmentedDataset\exp_transform;0125.png
Lâmpada;0;29800,5;12,727967539548048;5,119676475146691;.\augmentedDataset\exp_transform;0138.png
Cadeado;1;8900,0;11,045114641762945;4,682136004818193;.\augmentedDataset\exp_transform;0138.png
Caneta;2;5369,5;5,876837803440551;2,884427202963337;.\augmentedDataset\exp_transform;0138.png
Lâmpada;0;29785,5;6,343898075098332;1,853363756191339;.\augmentedDataset\exp_transform;0140.png
Cadeado;1;9015,0;13,477062671675386;4,559743230777641;.\augmentedDataset\exp_transform;0140.png
Pinça;2;2376,5;2,309401076758503;1,333333333333333;.\augmentedDataset\exp_transform;0140.png
Lâmpada;0;35224,0;5,876837803440551;2,884427202963337;.\augmentedDataset\exp_transform;0142.png
Rolha;1;29606,5;5,133805351608395;1,542315301534689;.\augmentedDataset\exp_transform;0142.png
Pincel;2;3355,5;12,482693745528396;4,017755201022863;.\augmentedDataset\exp_transform;0142.png
Lâmpada;0;30220,0;4,346129984141888;3,067356324605907;.\augmentedDataset\exp_transform;0145.png
Rolha;1;4604,5;8,98336291721993;3,795606501475985;.\augmentedDataset\exp_transform;0145.png
Pinça;2;2633,0;25,294393681888984;7,963936524349521;.\augmentedDataset\exp_transform;0145.png
Lâmpada;0;35416,0;9,933765923578871;4,949868127911678;.\augmentedDataset\exp_transform;0147.png
Pincel;1;29768,0;5,02282487445575;2,508232501294206;.\augmentedDataset\exp_transform;0147.png
Caneta;2;8289,0;3,464101615137754;1,414213562373095;.\augmentedDataset\exp_transform;0147.png
Lâmpada;0;35897,0;24,565986702034472;5,986892950819643;.\augmentedDataset\exp_transform;0150.png
Pincel;1;29840,5;9,748279415062948;7,912082434217933;.\augmentedDataset\exp_transform;0150.png
Pendrive;2;1730,5;5,513329550938411;2,856353062614077;.\augmentedDataset\exp_transform;0150.png
Lâmpada;0;30310,5;4,47213595499958;2,0;.\augmentedDataset\exp_transform;0154.png
Pilha;1;3349,5;3,677088528342677;0,837402040213009;.\augmentedDataset\exp_transform;0154.png
Pinça;2;3066,5;8,313014490873785;4,941015973035201;.\augmentedDataset\exp_transform;0154.png
Lâmpada;0;30247,5;8,929680699762343;1,817174981761936;.\augmentedDataset\exp_transform;0155.png
Pilha;1;5446,0;3,677088528342677;0,837402040213009;.\augmentedDataset\exp_transform;0155.png
Pendrive;2;3086,5;5,311578320742263;2,04504216851777;.\augmentedDataset\exp_transform;0155.png
Lâmpada;0;30304,0;5,67851206512977;3,315125379488864;.\augmentedDataset\exp_transform;0156.png
Pinça;1;5620,0;4,237378738251683;2,606649464084608;.\augmentedDataset\exp_transform;0156.png
Pendrive;2;4650,0;4,34169545110285;1,27658944452507;.\augmentedDataset\exp_transform;0156.png
Post-It;0;13873,0;8,668298683302313;4,638281919153814;.\augmentedDataset\exp_transform;0159.png
Chave de Fenda;1;1956,5;5,45588823816547;2,730477202774252;.\augmentedDataset\exp_transform;0159.png
Pincel;2;1565,5;3,703280399090206;2,138089935299395;.\augmentedDataset\exp_transform;0159.png
Post-It;0;15756,0;7,100983520591122;3,549783625548993;.\augmentedDataset\exp_transform;0162.png
Chave de Fenda;1;4580,5;3,265986323710904;2,0;.\augmentedDataset\exp_transform;0162.png
Pinça;2;3927,5;10,0561157310887;6,046769822958306;.\augmentedDataset\exp_transform;0162.png
Post-It;0;14698,0;2,309401076758503;1,333333333333333;.\augmentedDataset\exp_transform;0169.png
Cadeado;1;8795,0;11,88351738696356;5,004641955473505;.\augmentedDataset\exp_transform;0169.png
Pendrive;2;4213,0;3,23606797749979;1,23606797749979;.\augmentedDataset\exp_transform;0169.png
Post-It;0;36266,0;2,82842712474619;1,732050807568877;.\augmentedDataset\exp_transform;0177.png
Pincel;1;14822,0;5,366563145999495;2,190890230020665;.\augmentedDataset\exp_transform;0177.png
Pinça;2;1776,0;9,304911130874528;4,554137559292899;.\augmentedDataset\exp_transform;0177.png
Post-It;0;35530,0;16,877761048687294;3,535046517974047;.\augmentedDataset\exp_transform;0178.png
Pincel;1;14444,0;7,918472461640776;2,678207212714629;.\augmentedDataset\exp_transform;0178.png
Pendrive;2;4407,0;3,677088528342677;0,837402040213009;.\augmentedDataset\exp_transform;0178.png
Post-It;0;16522,5;12,941349707062685;5,277436165767823;.\augmentedDataset\exp_transform;0179.png
Caneta;1;6409,5;6,581077452882277;2,656457509153878;.\augmentedDataset\exp_transform;0179.png
Pilha;2;4741,5;4,155374705678736;1,905471133100374;.\augmentedDataset\exp_transform;0179.png
Cadeado;0;34746,0;3,265986323710904;2,0;.\augmentedDataset\exp_transform;0206.png
Rolha;1;9431,5;8,851824318166715;3,999018006438907;.\augmentedDataset\exp_transform;0206.png
Pincel;2;3186,5;10,888222708214688;3,24373338243419;.\augmentedDataset\exp_transform;0206.png
Cadeado;0;9579,5;3,677088528342677;0,837402040213009;.\augmentedDataset\exp_transform;0208.png
Rolha;1;4172,5;7,288251983657466;2,868884007545182;.\augmentedDataset\exp_transform;0208.png
Pilha;2;4165,0;22,839896419996983;8,183874982213565;.\augmentedDataset\exp_transform;0208.png
Cadeado;0;9576,5;5,569713083997782;3,232287721884605;.\augmentedDataset\exp_transform;0209.png
Rolha;1;4187,5;8,678834873129887;3,823434797052433;.\augmentedDataset\exp_transform;0209.png
Pinça;2;2502,5;8,073673582251285;2,38575521483428;.\augmentedDataset\exp_transform;0209.png
Cadeado;0;10374,0;7,016464154456234;2,218800784900917;.\augmentedDataset\exp_transform;0218.png
Pilha;1;5057,0;13,85220152169238;4,90006662087382;.\augmentedDataset\exp_transform;0218.png
Pinça;2;2928,0;2,309401076758503;1,333333333333333;.\augmentedDataset\exp_transform;0218.png
Cadeado;0;10391,0;3,23606797749979;1,23606797749979;.\augmentedDataset\exp_transform;0219.png
Pilha;1;5080,0;16,941557710334923;4,094144074063819;.\augmentedDataset\exp_transform;0219.png
Pendrive;2;4610,5;3,829708431025352;1,885618083164127;.\augmentedDataset\exp_transform;0219.png
Rolha;0;35349,0;4,993927366567251;1,772659614960501;.\augmentedDataset\exp_transform;0223.png
Pincel;1;2521,0;5,545131758410893;1,302289609229592;.\augmentedDataset\exp_transform;0223.png
Pinça;2;605,0;4,908689604357468;3,474254861325764;.\augmentedDataset\exp_transform;0223.png
Pincel;0;8331,0;4,155374705678736;1,905471133100374;.\augmentedDataset\exp_transform;0232.png
Caneta;1;1666,5;7,599331048921127;3,49649485211671;.\augmentedDataset\exp_transform;0232.png
Pinça;2;713,0;2,82842712474619;1,732050807568877;.\augmentedDataset\exp_transform;0232.png
Pincel;0;7988,0;10,587175503469355;2,634930118096205;.\augmentedDataset\exp_transform;0233.png
Caneta;1;4762,0;5,481304866996842;1,615041231525229;.\augmentedDataset\exp_transform;0233.png
Pendrive;2;576,5;19,096951280615887;3,692531251249494;.\augmentedDataset\exp_transform;0233.png
Pincel;0;5327,0;4,907725735659753;3,279400065550629;.\augmentedDataset\exp_transform;0235.png
Pilha;1;2242,5;6,971697336461247;3,429444155881273;.\augmentedDataset\exp_transform;0235.png
Pendrive;2;1545,5;3,464101615137754;1,414213562373095;.\augmentedDataset\exp_transform;0235.png
Pincel;0;4941,5;3,677088528342677;0,837402040213009;.\augmentedDataset\exp_transform;0236.png
Pinça;1;2478,5;8,288880105933968;3,788142307913955;.\augmentedDataset\exp_transform;0236.png
Pendrive;2;1950,5;4,155374705678736;1,905471133100374;.\augmentedDataset\exp_transform;0236.png
Chave de Fenda;0;217,5;8,635421491377958;2,610283262642268;.\augmentedDataset\exp_transform;0310.png
Cadeado;1;125,0;3,23606797749979;1,23606797749979;.\augmentedDataset\exp_transform;0310.png
Pendrive;2;29,5;5,485458865381723;2,649689066157795;.\augmentedDataset\exp_transform;0310.png
Chave de Fenda;0;249,5;7,555452556931076;3,220590065791519;.\augmentedDataset\exp_transform;0315.png
Rolha;1;11,5;7,049811475828224;1,786818440343553;.\augmentedDataset\exp_transform;0315.png
Pendrive;2;11,0;12,472520719198036;4,168699457147684;.\augmentedDataset\exp_transform;0315.png
Chave de Fenda;0;108,5;7,695659666656816;2,995722476997666;.\augmentedDataset\exp_transform;0322.png
Caneta;1;34,5;8,220721197067665;2,671290396568375;.\augmentedDataset\exp_transform;0322.png
Pendrive;2;14,0;34,22962215124976;8,309385742648667;.\augmentedDataset\exp_transform;0322.png
Cadeado;0;943,5;4,743365517193277;1,34925296749785;.\augmentedDataset\exp_transform;0327.png
Rolha;1;7,5;5,133805351608394;1,542315301534688;.\augmentedDataset\exp_transform;0327.png
Caneta;2;7,0;5,133805351608395;1,542315301534689;.\augmentedDataset\exp_transform;0327.png
Rolha;0;44231,0;6,011486661777879;1,280549059210314;.\augmentedDataset\exp_transform;0343.png
Pincel;1;12811,5;4,0;1,632993161855452;.\augmentedDataset\exp_transform;0343.png
Pinça;2;5747,0;4,363338213437162;1,65500979239906;.\augmentedDataset\exp_transform;0343.png
Lâmpada;0;23,0;7,650826100326336;2,355099283602825;.\augmentedDataset\exp_transform;0372.png
Chave de Fenda;1;15,0;13,184062301245309;1,300271248053641;.\augmentedDataset\exp_transform;0372.png
Caneta;2;9,5;5,076757022710608;2,331612033672924;.\augmentedDataset\exp_transform;0372.png
Post-It;0;54,0;6,0;1,959591794226542;.\augmentedDataset\exp_transform;0399.png
Chave de Fenda;1;14,0;15,465269270610255;2,189394068576524;.\augmentedDataset\exp_transform;0399.png
Pincel;2;13,5;11,76747992264559;2,633327983775074;.\augmentedDataset\exp_transform;0399.png
Post-It;0;31,5;3,265986323710904;2,0;.\augmentedDataset\exp_transform;0410.png
Rolha;1;6,0;4,155374705678736;1,905471133100374;.\augmentedDataset\exp_transform;0410.png
Pincel;2;2,5;9,587271088370082;4,107421772743359;.\augmentedDataset\exp_transform;0410.png
Chave de Fenda;0;300,0;5,294328785763617;2,862220279862641;.\augmentedDataset\exp_transform;0425.png
Cadeado;1;30,0;2,309401076758503;1,333333333333333;.\augmentedDataset\exp_transform;0425.png
Rolha;2;30,0;3,265986323710904;2,0;.\augmentedDataset\exp_transform;0425.png
Rolha;0;3370,0;4,75043104734497;2,65205672345464;.\augmentedDataset\exp_transform;0587.png
Caneta;1;498,0;4,346129984141888;3,067356324605907;.\augmentedDataset\exp_transform;0587.png
Pendrive;2;429,0;3,829708431025352;1,885618083164127;.\augmentedDataset\exp_transform;0587.png
Chave de Fenda;0;123,5;3,23606797749979;1,23606797749979;.\augmentedDataset\laplacian_img;0312.png
Rolha;1;79,5;6,87016483862247;2,527179041287642;.\augmentedDataset\laplacian_img;0312.png
Caneta;2;73,0;9,649552809993958;8,787194436642679;.\augmentedDataset\laplacian_img;0312.png
Chave de Fenda;0;118,5;9,561589910099888;7,21755969882206;.\augmentedDataset\laplacian_img;0322.png
Caneta;1;75,5;6,595926699391265;1,869157825400906;.\augmentedDataset\laplacian_img;0322.png
Pendrive;2;56,5;9,444109030197312;8,9891199619585;.\augmentedDataset\laplacian_img;0322.png
Cadeado;0;37,5;2,309401076758503;1,333333333333333;.\augmentedDataset\laplacian_img;0340.png
Pinça;1;22,5;2,309401076758503;1,333333333333333;.\augmentedDataset\laplacian_img;0340.png
Pendrive;2;20,0;9,711534234047106;6,096400808750285;.\augmentedDataset\laplacian_img;0340.png
Rolha;0;57,0;7,748740364588015;2,201343147056655;.\augmentedDataset\laplacian_img;0349.png
Pilha;1;55,5;5,394569746911582;1,272248892986869;.\augmentedDataset\laplacian_img;0349.png
Pendrive;2;43,5;6,468355765954826;2,247056424286635;.\augmentedDataset\laplacian_img;0349.png
Post-It;0;106,0;21,55356177520464;1,818252943887231;.\augmentedDataset\laplacian_img;0417.png
Pincel;1;24,5;4,363338213437162;1,65500979239906;.\augmentedDataset\laplacian_img;0417.png
Pinça;2;11,5;15,337363150235984;3,430057083749963;.\augmentedDataset\laplacian_img;0417.png
Lâmpada;0;8,5;3,464101615137754;1,414213562373095;.\augmentedDataset\log_transform;0001.png
Post-It;1;4,5;7,141921394560869;1,913014757021073;.\augmentedDataset\log_transform;0001.png
Chave de Fenda;2;4,0;7,40623431863439;1,895293555607324;.\augmentedDataset\log_transform;0001.png
Post-It;0;1617,0;7,260998792132091;4,053371926963776;.\augmentedDataset\log_transform;0056.png
Pincel;1;45,0;14,731050102809007;1,980949991426017;.\augmentedDataset\log_transform;0056.png
Pilha;2;24,5;18,45319829324893;2,872194973798993;.\augmentedDataset\log_transform;0056.png
Chave de Fenda;0;38,5;2,309401076758503;1,333333333333333;.\augmentedDataset\log_transform;0067.png
Cadeado;1;26,5;7,657391339519791;1,168057307432856;.\augmentedDataset\log_transform;0067.png
Caneta;2;25,0;7,723865517232974;2,083722983435996;.\augmentedDataset\log_transform;0067.png
Chave de Fenda;0;1312,5;4,155374705678736;1,905471133100374;.\augmentedDataset\log_transform;0078.png
Pincel;1;79,0;4,47213595499958;2,0;.\augmentedDataset\log_transform;0078.png
Pinça;2;27,0;4,155374705678736;1,905471133100374;.\augmentedDataset\log_transform;0078.png
Chave de Fenda;0;269,5;2,82842712474619;1,732050807568877;.\augmentedDataset\log_transform;0082.png
Caneta;1;17,0;3,265986323710904;2,0;.\augmentedDataset\log_transform;0082.png
Pendrive;2;8,0;10,551400936728433;2,065563891377224;.\augmentedDataset\log_transform;0082.png
Chave de Fenda;0;17,0;2,0;2,0;.\augmentedDataset\log_transform;0083.png
Pilha;1;15,0;4,47213595499958;2,0;.\augmentedDataset\log_transform;0083.png
Pinça;2;4,0;11,77022557658287;1,906515212889025;.\augmentedDataset\log_transform;0083.png
Cadeado;0;6021,0;7,141921394560869;1,913014757021073;.\augmentedDataset\log_transform;0098.png
Pilha;1;4101,5;3,098386676965933;1,788854381999832;.\augmentedDataset\log_transform;0098.png
Pinça;2;1993,5;7,641629773477396;1,298894552365595;.\augmentedDataset\log_transform;0098.png
Lâmpada;0;31693,0;5,481304866996842;1,615041231525228;.\augmentedDataset\log_transform;0122.png
Post-It;1;16105,0;5,790955845166393;2,628549950786105;.\augmentedDataset\log_transform;0122.png
Cadeado;2;8675,5;6,64389419578969;3,937629797042051;.\augmentedDataset\log_transform;0122.png
Lâmpada;0;31214,5;2,0;2,0;.\augmentedDataset\log_transform;0126.png
Post-It;1;15141,5;14,000440686057766;5,112500425054098;.\augmentedDataset\log_transform;0126.png
Pilha;2;4899,0;2,309401076758503;1,333333333333333;.\augmentedDataset\log_transform;0126.png
Lâmpada;0;29415,0;5,485458865381723;2,649689066157795;.\augmentedDataset\log_transform;0128.png
Post-It;1;13612,5;9,289485936469283;3,072380682516415;.\augmentedDataset\log_transform;0128.png
Pendrive;2;5059,0;8,43827076226317;3,632572992072503;.\augmentedDataset\log_transform;0128.png
Lâmpada;0;34992,5;2,309401076758503;1,333333333333333;.\augmentedDataset\log_transform;0142.png
Rolha;1;29676,0;8,753629194559734;4,664353990251352;.\augmentedDataset\log_transform;0142.png
Pincel;2;3052,0;15,65290693056972;3,341225814200827;.\augmentedDataset\log_transform;0142.png
Lâmpada;0;34188,0;8,946003555832894;3,377354049996122;.\augmentedDataset\log_transform;0147.png
Pincel;1;29371,0;11,53695223655631;4,655705381094321;.\augmentedDataset\log_transform;0147.png
Caneta;2;4172,5;6,324555320336759;3,122498999199199;.\augmentedDataset\log_transform;0147.png
Lâmpada;0;34827,0;9,25324907641098;3,949807019872495;.\augmentedDataset\log_transform;0148.png
Pincel;1;29541,5;8,7473692529567;3,208340460082076;.\augmentedDataset\log_transform;0148.png
Pilha;2;2163,0;6,374166953637013;3,024528628553486;.\augmentedDataset\log_transform;0148.png
Lâmpada;0;7190,5;8,576970471526215;4,004444721876852;.\augmentedDataset\log_transform;0150.png
Pincel;1;6044,5;14,14654604537877;5,883032760642392;.\augmentedDataset\log_transform;0150.png
Pendrive;2;4533,0;3,126943839882286;2,309401076758503;.\augmentedDataset\log_transform;0150.png
Lâmpada;0;31513,0;5,203549084703927;3,076923076923077;.\augmentedDataset\log_transform;0151.png
Caneta;1;11691,5;5,366563145999495;2,190890230020665;.\augmentedDataset\log_transform;0151.png
Pilha;2;2613,5;5,321869122843981;1,782612980800892;.\augmentedDataset\log_transform;0151.png
Lâmpada;0;30606,5;3,677088528342677;0,837402040213009;.\augmentedDataset\log_transform;0152.png
Caneta;1;7148,0;5,438198096416778;2,232935615759874;.\augmentedDataset\log_transform;0152.png
Pinça;2;2245,0;8,693239923913469;4,867633081347243;.\augmentedDataset\log_transform;0152.png
Lâmpada;0;30197,5;9,850392341823396;3,511832956184992;.\augmentedDataset\log_transform;0155.png
Pilha;1;5430,5;11,945948789241909;3,139084872794841;.\augmentedDataset\log_transform;0155.png
Pendrive;2;4409,0;5,339062088964492;2,338744246846464;.\augmentedDataset\log_transform;0155.png
Lâmpada;0;29999,5;9,59580622008135;4,727843375858391;.\augmentedDataset\log_transform;0156.png
Pinça;1;5655,0;6,072874195452547;2,172601897772938;.\augmentedDataset\log_transform;0156.png
Pendrive;2;3343,5;3,829708431025352;1,885618083164126;.\augmentedDataset\log_transform;0156.png
Post-It;0;15669,0;2,309401076758503;1,333333333333333;.\augmentedDataset\log_transform;0160.png
Chave de Fenda;1;3176,0;13,457625676465044;3,565781311192449;.\augmentedDataset\log_transform;0160.png
Caneta;2;2954,0;8,483212939635322;3,944835286769111;.\augmentedDataset\log_transform;0160.png
Post-It;0;15526,0;2,309401076758503;1,333333333333333;.\augmentedDataset\log_transform;0162.png
Chave de Fenda;1;3288,5;10,88984087769154;4,61620242647913;.\augmentedDataset\log_transform;0162.png
Pinça;2;2112,0;4,47213595499958;2,0;.\augmentedDataset\log_transform;0162.png
Post-It;0;15699,0;6,135924754896414;2,980107321414339;.\augmentedDataset\log_transform;0164.png
Cadeado;1;9819,0;37,87144003179499;9,392199500367532;.\augmentedDataset\log_transform;0164.png
Rolha;2;3737,0;5,470091946883911;2,665124289984529;.\augmentedDataset\log_transform;0164.png
Post-It;0;34215,0;2,309401076758503;1,333333333333333;.\augmentedDataset\log_transform;0165.png
Cadeado;1;14951,0;9,272533962872096;3,766534292164372;.\augmentedDataset\log_transform;0165.png
Pincel;2;8377,5;6,021007592560452;2,016796363128762;.\augmentedDataset\log_transform;0165.png
Post-It;0;15954,5;4,0;1,632993161855452;.\augmentedDataset\log_transform;0167.png
Cadeado;1;9808,5;9,398026701097182;3,855973662882227;.\augmentedDataset\log_transform;0167.png
Pilha;2;3676,0;14,730031707332811;3,69494204314745;.\augmentedDataset\log_transform;0167.png
Post-It;0;15910,5;3,098386676965933;1,788854381999832;.\augmentedDataset\log_transform;0168.png
Cadeado;1;9786,0;3,885753375057407;2,795442890696132;.\augmentedDataset\log_transform;0168.png
Pinça;2;2702,0;4,505936460652527;1,964637859424638;.\augmentedDataset\log_transform;0168.png
Post-It;0;15844,0;6,569595810321286;3,358260098474954;.\augmentedDataset\log_transform;0174.png
Rolha;1;4922,5;11,332002340619198;7,113231939928107;.\augmentedDataset\log_transform;0174.png
Pendrive;2;3755,5;3,098386676965933;1,788854381999832;.\augmentedDataset\log_transform;0174.png
Post-It;0;14706,5;6,615628169360914;3,119849984335524;.\augmentedDataset\log_transform;0181.png
Caneta;1;4720,0;5,731928671776636;2,902257778099779;.\augmentedDataset\log_transform;0181.png
Pendrive;2;2541,0;3,265986323710904;2,0;.\augmentedDataset\log_transform;0181.png
Post-It;0;16323,5;2,309401076758503;1,333333333333333;.\augmentedDataset\log_transform;0182.png
Pilha;1;4851,5;4,381780460041329;2,683281572999748;.\augmentedDataset\log_transform;0182.png
Pinça;2;2786,0;10,828004507322005;5,386986589166836;.\augmentedDataset\log_transform;0182.png
Post-It;0;15799,0;2,309401076758503;1,333333333333333;.\augmentedDataset\log_transform;0183.png
Pilha;1;5284,0;20,338590029040155;4,652447022490966;.\augmentedDataset\log_transform;0183.png
Pendrive;2;3650,5;14,662578595616315;2,801390939327813;.\augmentedDataset\log_transform;0183.png
Post-It;0;14588,0;3,098386676965933;1,788854381999832;.\augmentedDataset\log_transform;0184.png
Pinça;1;5287,5;7,53010909835586;3,455640012582838;.\augmentedDataset\log_transform;0184.png
Pendrive;2;3709,5;7,032820797317663;2,879137307044623;.\augmentedDataset\log_transform;0184.png
Chave de Fenda;0;9291,5;4,899296620841422;2,919900382007325;.\augmentedDataset\log_transform;0188.png
Cadeado;1;4523,5;8,587496932861306;2,06274002920815;.\augmentedDataset\log_transform;0188.png
Pilha;2;3468,0;5,104249580913526;3,497477734233398;.\augmentedDataset\log_transform;0188.png
Chave de Fenda;0;34605,5;6,343898075098332;1,853363756191339;.\augmentedDataset\log_transform;0196.png
Pincel;1;2926,0;8,777794489643298;4,648948687347251;.\augmentedDataset\log_transform;0196.png
Caneta;2;1112,5;5,321869122843981;1,782612980800892;.\augmentedDataset\log_transform;0196.png
Chave de Fenda;0;6745,5;3,098386676965933;1,788854381999832;.\augmentedDataset\log_transform;0202.png
Caneta;1;4724,0;2,309401076758503;1,333333333333333;.\augmentedDataset\log_transform;0202.png
Pendrive;2;1438,0;3,098386676965933;1,788854381999832;.\augmentedDataset\log_transform;0202.png
Cadeado;0;10380,0;15,5224091889137;3,00776490215267;.\augmentedDataset\log_transform;0207.png
Rolha;1;3367,0;4,155374705678736;1,905471133100374;.\augmentedDataset\log_transform;0207.png
Caneta;2;3271,5;3,023715784073818;2,799416848895061;.\augmentedDataset\log_transform;0207.png
Cadeado;0;10656,5;3,677088528342677;0,837402040213009;.\augmentedDataset\log_transform;0208.png
Rolha;1;3195,0;4,155374705678736;1,905471133100374;.\augmentedDataset\log_transform;0208.png
Pilha;2;2925,5;12,909944487358056;4,760952285695233;.\augmentedDataset\log_transform;0208.png
Cadeado;0;10468,5;7,69964040311149;3,553144341977586;.\augmentedDataset\log_transform;0218.png
Pilha;1;3825,5;16,664834737344012;3,001507113079265;.\augmentedDataset\log_transform;0218.png
Pinça;2;2308,0;4,77795383588526;3,981909289096598;.\augmentedDataset\log_transform;0218.png
Cadeado;0;10528,5;17,76150791344377;3,423296670968567;.\augmentedDataset\log_transform;0220.png
Pinça;1;4534,5;8,409224221217544;3,641039716826833;.\augmentedDataset\log_transform;0220.png
Pendrive;2;2511,0;2,309401076758503;1,333333333333333;.\augmentedDataset\log_transform;0220.png
Pincel;0;3483,0;5,196736578748781;2,565288636898106;.\augmentedDataset\log_transform;0231.png
Caneta;1;2252,5;2,309401076758503;1,333333333333333;.\augmentedDataset\log_transform;0231.png
Pilha;2;2018,0;5,654620339080162;3,494677212685165;.\augmentedDataset\log_transform;0231.png
Pincel;0;4692,0;3,464101615137754;1,414213562373095;.\augmentedDataset\log_transform;0233.png
Caneta;1;3483,0;8,238399087659499;2,424619655214228;.\augmentedDataset\log_transform;0233.png
Pendrive;2;2014,5;7,524955680343656;3,23690208125856;.\augmentedDataset\log_transform;0233.png
Lâmpada;0;158,0;3,335641688875783;2,057545752452159;.\augmentedDataset\log_transform;0383.png
Rolha;1;90,0;7,758705046267412;1,090986300127288;.\augmentedDataset\log_transform;0383.png
Caneta;2;22,0;9,484106572073392;1,787338712279081;.\augmentedDataset\log_transform;0383.png
Lâmpada;0;90,5;3,23606797749979;1,23606797749979;.\augmentedDataset\log_transform;0388.png
Pincel;1;43,5;3,23606797749979;1,23606797749979;.\augmentedDataset\log_transform;0388.png
Pilha;2;22,0;6,273719102168027;2,615651364200643;.\augmentedDataset\log_transform;0388.png
Cadeado;0;346,0;19,41432739846221;1,466168920182031;.\augmentedDataset\log_transform;0449.png
Rolha;1;203,5;6,553504018576144;1,2082004568003;.\augmentedDataset\log_transform;0449.png
Pinça;2;3,5;3,23606797749979;1,23606797749979;.\augmentedDataset\log_transform;0449.png
Cadeado;0;9756,0;5,274258481434536;1,946056459258261;.\augmentedDataset\log_transform;0454.png
Pincel;1;1214,5;4,155374705678736;1,905471133100374;.\augmentedDataset\log_transform;0454.png
Pendrive;2;7,0;5,465863594190293;2,211281815705678;.\augmentedDataset\log_transform;0454.png
Cadeado;0;3324,5;4,0;1,632993161855452;.\augmentedDataset\log_transform;0575.png
Caneta;1;534,0;4,0;1,632993161855452;.\augmentedDataset\log_transform;0575.png
Pilha;2;390,0;2,309401076758503;1,333333333333333;.\augmentedDataset\log_transform;0575.png
Lâmpada;0;409,0;4,47213595499958;2,0;.\augmentedDataset\mean_img;0011.png
Chave de Fenda;1;276,5;3,098386676965933;1,788854381999832;.\augmentedDataset\mean_img;0011.png
Pincel;2;152,5;7,141921394560869;1,913014757021073;.\augmentedDataset\mean_img;0011.png
Lâmpada;0;338,0;3,648665604076859;2,505808461219716;.\augmentedDataset\mean_img;0023.png
Rolha;1;125,0;4,155374705678736;1,905471133100374;.\augmentedDataset\mean_img;0023.png
Caneta;2;109,5;8,66187807956461;2,858647955722795;.\augmentedDataset\mean_img;0023.png
Lâmpada;0;3749,0;3,265986323710904;2,0;.\augmentedDataset\mean_img;0026.png
Rolha;1;327,5;3,098386676965933;1,788854381999832;.\augmentedDataset\mean_img;0026.png
Pendrive;2;117,0;2,309401076758503;1,333333333333333;.\augmentedDataset\mean_img;0026.png
Lâmpada;0;7,5;2,82842712474619;1,732050807568877;.\augmentedDataset\mean_img;0032.png
Caneta;1;4,0;4,0;1,632993161855452;.\augmentedDataset\mean_img;0032.png
Pinça;2;3,5;4,0;1,632993161855452;.\augmentedDataset\mean_img;0032.png
Lâmpada;0;8,0;6,206600130033063;2,433630882101475;.\augmentedDataset\mean_img;0035.png
Pilha;1;7,5;6,771094492852682;2,561336103319166;.\augmentedDataset\mean_img;0035.png
Pendrive;2;5,0;6,155367074350507;1,453085056010722;.\augmentedDataset\mean_img;0035.png
Post-It;0;9345,5;7,06668652666286;3,614130813056109;.\augmentedDataset\mean_img;0039.png
Chave de Fenda;1;9062,5;24,6823980913388;3,562134307177339;.\augmentedDataset\mean_img;0039.png
Pincel;2;72,5;9,092522307334178;2,552163413778657;.\augmentedDataset\mean_img;0039.png
Post-It;0;9508,5;5,39192040212807;1,427692364701227;.\augmentedDataset\mean_img;0041.png
Chave de Fenda;1;9105,0;12,721927037502011;1,322953358425739;.\augmentedDataset\mean_img;0041.png
Pilha;2;4748,5;6,553504018576144;1,2082004568003;.\augmentedDataset\mean_img;0041.png
Chave de Fenda;0;89,5;5,274258481434536;1,946056459258261;.\augmentedDataset\mean_img;0070.png
Cadeado;1;56,0;2,529822128134704;2,529822128134704;.\augmentedDataset\mean_img;0070.png
Pendrive;2;39,0;14,57052245667121;3,28454883090817;.\augmentedDataset\mean_img;0070.png
Chave de Fenda;0;10315,0;4,772201838787097;3,247830608185072;.\augmentedDataset\mean_img;0074.png
Rolha;1;5644,0;6,410747983365109;1,964939688573319;.\augmentedDataset\mean_img;0074.png
Pinça;2;2580,5;9,650904026444548;2,790281582039198;.\augmentedDataset\mean_img;0074.png
Chave de Fenda;0;10508,0;2,309401076758503;1,333333333333333;.\augmentedDataset\mean_img;0081.png
Caneta;1;5750,0;8,051970105292165;1,769949030972814;.\augmentedDataset\mean_img;0081.png
Pinça;2;2180,5;5,953236218875637;2,518750183962168;.\augmentedDataset\mean_img;0081.png
Cadeado;0;6062,5;4,47213595499958;2,0;.\augmentedDataset\mean_img;0089.png
Rolha;1;3130,5;5,186475084170882;2,429089582801476;.\augmentedDataset\mean_img;0089.png
Pinça;2;2634,5;10,068759291343907;3,953673322742454;.\augmentedDataset\mean_img;0089.png
Cadeado;0;110,5;4,363338213437162;1,65500979239906;.\augmentedDataset\mean_img;0093.png
Pincel;1;14,0;7,000091071529563;1,904422265109768;.\augmentedDataset\mean_img;0093.png
Pinça;2;12,5;5,571304993630558;2,888801836845615;.\augmentedDataset\mean_img;0093.png
Lâmpada;0;29084,5;9,979402090502893;1,876871073669582;.\augmentedDataset\mean_img;0124.png
Post-It;1;13488,5;12,183507978600996;2,913783337066406;.\augmentedDataset\mean_img;0124.png
Pincel;2;7847,0;7,252652857171122;3,133493197660931;.\augmentedDataset\mean_img;0124.png
Lâmpada;0;29815,5;10,160315166504072;3,984627574011348;.\augmentedDataset\mean_img;0126.png
Post-It;1;14040,5;5,839939839105166;3,18217123780972;.\augmentedDataset\mean_img;0126.png
Pilha;2;3300,0;14,101016685463868;4,173501953962213;.\augmentedDataset\mean_img;0126.png
Lâmpada;0;29796,5;3,098386676965933;1,788854381999832;.\augmentedDataset\mean_img;0128.png
Post-It;1;14031,0;6,183239155539024;2,649904038872266;.\augmentedDataset\mean_img;0128.png
Pendrive;2;2317,0;8,007676207926062;2,876140378599412;.\augmentedDataset\mean_img;0128.png
Lâmpada;0;29915,0;7,016464154456234;2,218800784900917;.\augmentedDataset\mean_img;0138.png
Cadeado;1;9022,0;7,494261797003013;3,06859691578438;.\augmentedDataset\mean_img;0138.png
Caneta;2;5508,0;3,23606797749979;1,23606797749979;.\augmentedDataset\mean_img;0138.png
Lâmpada;0;29911,5;9,169130365952077;3,717598614218042;.\augmentedDataset\mean_img;0144.png
Rolha;1;4306,0;13,116441419061916;4,093235263890545;.\augmentedDataset\mean_img;0144.png
Pilha;2;2656,5;5,839939839105166;3,18217123780972;.\augmentedDataset\mean_img;0144.png
Lâmpada;0;30008,0;3,23606797749979;1,23606797749979;.\augmentedDataset\mean_img;0145.png
Rolha;1;4461,5;12,194392903816286;4,509804092628906;.\augmentedDataset\mean_img;0145.png
Pinça;2;2379,5;5,485458865381723;2,649689066157794;.\augmentedDataset\mean_img;0145.png
Lâmpada;0;29990,0;3,098386676965933;1,788854381999832;.\augmentedDataset\mean_img;0150.png
Pincel;1;1809,5;12,212688948620288;2,392960865141579;.\augmentedDataset\mean_img;0150.png
Pendrive;2;735,0;10,60088767129964;3,318397549712637;.\augmentedDataset\mean_img;0150.png
Lâmpada;0;30265,5;14,209666148398563;3,68152318107525;.\augmentedDataset\mean_img;0153.png
Caneta;1;10342,5;3,829708431025352;1,885618083164127;.\augmentedDataset\mean_img;0153.png
Pendrive;2;5164,0;12,671710632354776;5,905310146086475;.\augmentedDataset\mean_img;0153.png
Lâmpada;0;30087,0;7,40623431863439;1,895293555607324;.\augmentedDataset\mean_img;0156.png
Pinça;1;5667,0;5,606119105813881;3,023715784073818;.\augmentedDataset\mean_img;0156.png
Pendrive;2;4361,0;11,74022488925103;2,88230968477915;.\augmentedDataset\mean_img;0156.png
Post-It;0;13945,0;3,265986323710904;2,0;.\augmentedDataset\mean_img;0159.png
Chave de Fenda;1;2003,0;5,720932084886622;2,425387871670981;.\augmentedDataset\mean_img;0159.png
Pincel;2;1528,5;2,0;2,0;.\augmentedDataset\mean_img;0159.png
Post-It;0;15666,0;7,493695169346813;4,448480319542024;.\augmentedDataset\mean_img;0160.png
Chave de Fenda;1;5020,5;18,797938513078247;4,623198365012898;.\augmentedDataset\mean_img;0160.png
Caneta;2;4443,5;3,651483716701108;2,10818510677892;.\augmentedDataset\mean_img;0160.png
Post-It;0;15646,0;10,830508613047908;3,889576232180268;.\augmentedDataset\mean_img;0162.png
Chave de Fenda;1;3916,5;7,077155266155827;3,531837105349399;.\augmentedDataset\mean_img;0162.png
Pinça;2;3817,5;3,098386676965933;1,788854381999832;.\augmentedDataset\mean_img;0162.png
Post-It;0;14614,0;5,196736578748781;2,565288636898106;.\augmentedDataset\mean_img;0169.png
Cadeado;1;8663,5;2,309401076758503;1,333333333333333;.\augmentedDataset\mean_img;0169.png
Pendrive;2;4187,0;9,315121438987008;3,462063285302139;.\augmentedDataset\mean_img;0169.png
Post-It;0;36244,5;10,62388696494138;2,846971720683381;.\augmentedDataset\mean_img;0170.png
Rolha;1;14763,5;5,133805351608393;1,542315301534688;.\augmentedDataset\mean_img;0170.png
Pincel;2;9655,0;5,00274675656753;1,443480516239889;.\augmentedDataset\mean_img;0170.png
Post-It;0;36019,5;9,641717526337096;4,290164434399711;.\augmentedDataset\mean_img;0175.png
Pincel;1;14802,0;9,954592414483452;7,51039878178972;.\augmentedDataset\mean_img;0175.png
Caneta;2;4858,0;5,309178691345784;3,6330824777352;.\augmentedDataset\mean_img;0175.png
Post-It;0;36405,5;8,450542818032284;4,815577109383654;.\augmentedDataset\mean_img;0176.png
Pincel;1;15146,5;8,006952803081578;4,561993394591994;.\augmentedDataset\mean_img;0176.png
Pilha;2;2832,0;15,010826411863768;3,461584847619639;.\augmentedDataset\mean_img;0176.png
Post-It;0;36325,5;11,521283380382632;9,232484552372563;.\augmentedDataset\mean_img;0177.png
Pincel;1;14901,5;13,879708310037875;4,862504155409243;.\augmentedDataset\mean_img;0177.png
Pinça;2;1410,5;11,289213808706853;10,445859392654514;.\augmentedDataset\mean_img;0177.png
Post-It;0;16297,5;4,155374705678736;1,905471133100374;.\augmentedDataset\mean_img;0183.png
Pilha;1;5636,0;4,25044367047193;2,612014068307059;.\augmentedDataset\mean_img;0183.png
Pendrive;2;5005,5;17,613649288975076;9,584051530511834;.\augmentedDataset\mean_img;0183.png
Post-It;0;16479,5;3,703280399090206;2,138089935299395;.\augmentedDataset\mean_img;0184.png
Pinça;1;6264,0;11,454902137465002;6,606931421344139;.\augmentedDataset\mean_img;0184.png
Pendrive;2;5778,0;13,427054540564386;5,486474857748759;.\augmentedDataset\mean_img;0184.png
Chave de Fenda;0;9060,5;10,278475510674207;4,287262860773787;.\augmentedDataset\mean_img;0185.png
Cadeado;1;4282,5;2,309401076758503;1,333333333333333;.\augmentedDataset\mean_img;0185.png
Rolha;2;2482,5;16,81384856554894;3,945439951993675;.\augmentedDataset\mean_img;0185.png
Chave de Fenda;0;8295,0;7,707646959590361;3,761626549904823;.\augmentedDataset\mean_img;0200.png
Caneta;1;5518,0;4,155374705678736;1,905471133100374;.\augmentedDataset\mean_img;0200.png
Pilha;2;5074,0;4,988876515698589;2,266230894930127;.\augmentedDataset\mean_img;0200.png
Cadeado;0;34908,0;7,130018295937512;4,402846956438363;.\augmentedDataset\mean_img;0206.png
Rolha;1;9508,0;7,859042065034409;3,321965957083199;.\augmentedDataset\mean_img;0206.png
Pincel;2;3261,0;8,082898391241546;2,946756538209389;.\augmentedDataset\mean_img;0206.png
Cadeado;0;9608,0;8,127942141355051;3,042458963862074;.\augmentedDataset\mean_img;0210.png
Rolha;1;4791,5;6,689596662859233;2,805622695674674;.\augmentedDataset\mean_img;0210.png
Pendrive;2;3660,0;2,82842712474619;1,732050807568877;.\augmentedDataset\mean_img;0210.png
Cadeado;0;9716,0;8,041684571702024;3,195513925685446;.\augmentedDataset\mean_img;0212.png
Pincel;1;3291,0;6,535345729313246;2,088931871468373;.\augmentedDataset\mean_img;0212.png
Pilha;2;599,5;3,023715784073818;2,79941684889506;.\augmentedDataset\mean_img;0212.png
Cadeado;0;9537,0;5,444424563872507;2,253495322449476;.\augmentedDataset\mean_img;0213.png
Pincel;1;1687,0;11,59336802554654;3,364762766544273;.\augmentedDataset\mean_img;0213.png
Pinça;2;555,0;7,12199807747259;2,855195857463501;.\augmentedDataset\mean_img;0213.png
Cadeado;0;9652,5;2,309401076758503;1,333333333333333;.\augmentedDataset\mean_img;0217.png
Caneta;1;4485,0;6,68485143093238;2,071799503594884;.\augmentedDataset\mean_img;0217.png
Pendrive;2;3115,5;4,976979969245306;1,79712837207891;.\augmentedDataset\mean_img;0217.png
Cadeado;0;9744,0;15,866861780759326;4,618115930868361;.\augmentedDataset\mean_img;0219.png
Pilha;1;4584,5;8,466904820857605;3,675046557389806;.\augmentedDataset\mean_img;0219.png
Pendrive;2;3795,0;7,232458110232543;3,187583016362182;.\augmentedDataset\mean_img;0219.png
Rolha;0;35611,5;3,829708431025352;1,885618083164127;.\augmentedDataset\mean_img;0221.png
Pincel;1;3611,5;3,829708431025352;1,885618083164127;.\augmentedDataset\mean_img;0221.png
Caneta;2;2777,0;4,155374705678736;1,905471133100374;.\augmentedDataset\mean_img;0221.png
Rolha;0;35575,0;9,339388783381104;2,480084101972198;.\augmentedDataset\mean_img;0222.png
Pincel;1;2572,0;3,098386676965933;1,788854381999832;.\augmentedDataset\mean_img;0222.png
Pilha;2;2158,5;8,864106600126965;4,353779043470557;.\augmentedDataset\mean_img;0222.png
Rolha;0;35462,0;10,445321326324017;8,269801145847662;.\augmentedDataset\mean_img;0224.png
Pincel;1;4531,0;2,309401076758503;1,333333333333333;.\augmentedDataset\mean_img;0224.png
Pendrive;2;2476,0;3,265986323710904;2,0;.\augmentedDataset\mean_img;0224.png
Pincel;0;8318,0;5,890937516001458;2,967668995053058;.\augmentedDataset\mean_img;0231.png
Caneta;1;3079,0;4,505936460652527;1,964637859424637;.\augmentedDataset\mean_img;0231.png
Pilha;2;732,0;4,320493798938573;1,885618083164127;.\augmentedDataset\mean_img;0231.png
Pincel;0;8643,0;6,11974933793238;4,850164262340922;.\augmentedDataset\mean_img;0232.png
Caneta;1;1781,5;5,988699427926648;2,433228951186711;.\augmentedDataset\mean_img;0232.png
Pinça;2;720,5;2,82842712474619;1,732050807568877;.\augmentedDataset\mean_img;0232.png
Pincel;0;4796,0;30,7617111151616;3,971205710353008;.\augmentedDataset\mean_img;0233.png
Caneta;1;594,5;8,244177203007917;3,727553266757656;.\augmentedDataset\mean_img;0233.png
Pendrive;2;501,5;5,033222956847167;2,905932629027116;.\augmentedDataset\mean_img;0233.png
Pincel;0;3972,5;3,023715784073818;2,79941684889506;.\augmentedDataset\mean_img;0234.png
Pilha;1;1684,5;5,664042473303187;2,44974845417171;.\augmentedDataset\mean_img;0234.png
Pinça;2;1561,0;5,544698233777089;4,29569521691498;.\augmentedDataset\mean_img;0234.png
Pincel;0;5412,0;4,155374705678736;1,905471133100374;.\augmentedDataset\mean_img;0235.png
Pilha;1;2277,0;8,062172544780832;2,843904641732661;.\augmentedDataset\mean_img;0235.png
Pendrive;2;1195,0;12,554372993941753;3,152425624196655;.\augmentedDataset\mean_img;0235.png
Pilha;0;4483,5;14,241396201724028;5,014691542551794;.\augmentedDataset\mean_img;0240.png
Pinça;1;4478,5;8,09473590984606;1,843455308090119;.\augmentedDataset\mean_img;0240.png
Pendrive;2;2980,5;6,485277966472458;3,182557100444054;.\augmentedDataset\mean_img;0240.png
Post-It;0;75,5;7,637496774419906;1,453646265488947;.\augmentedDataset\mean_img;0290.png
Rolha;1;41,0;5,321869122843981;1,782612980800892;.\augmentedDataset\mean_img;0290.png
Pincel;2;38,0;11,67129497745668;4,640537853975508;.\augmentedDataset\mean_img;0290.png
Chave de Fenda;0;83,5;4,898979485566356;1,936491673103709;.\augmentedDataset\mean_img;0311.png
Rolha;1;54,0;5,39192040212807;1,427692364701227;.\augmentedDataset\mean_img;0311.png
Pincel;2;14,5;3,829708431025352;1,885618083164127;.\augmentedDataset\mean_img;0311.png
Lâmpada;0;992,5;10,817212896680015;2,96820002460831;.\augmentedDataset\mean_img;0370.png
Chave de Fenda;1;115,0;6,457483720650046;2,816657071559143;.\augmentedDataset\mean_img;0370.png
Rolha;2;45,5;11,32934374713848;2,642879723782539;.\augmentedDataset\mean_img;0370.png
